,Glucosidase,Protease,Nitratase,Dehydrogenase,WHC,Conduct,Soil.C,Soil.P,Glomalin,light,k,Soil.N
A1.1.1,0.039250354,0.050919378,0.408415842,0.02970297,0.028833333,0.005247026,2.379,67.2486,0.509151304,0.520493058,0.05,0.811166253
A1.1.2,0.031174229,0.058191895,0.661932802,0.047800485,0.037666667,0.010167031,10.4124,82.732,0.241821617,0.654271119,0.06,0.950721321
A1.1.3,0.008985399,0.010108574,0.299887683,0.128041932,0.048166667,0.008889674,1.001,24.6184,0.262416999,0.282125119,0.08,0.965681183
A1.1.4,0.035036496,0.066788321,0.168613139,0.052554745,0.037241667,0.006761585,0.6933,37.793,0.279662138,0.573786268,0.09,0.909225864
A1.1.5,0.038961039,0.045279045,0.72025272,0.038961039,0.025083333,0.004634167,3.5439,51.3003,0.43837074,0.361511636,0.12,1.159838758
A1.1.6,0.040358744,0.123145912,0.603311487,0.189375647,0.024916667,0.006473859,9.1577,121.76,0.258124236,0.562738249,0.09,0.811977604
A1.1.7,0.105448155,0.068541301,0.130755712,0.059050967,0.021166667,0.012224873,4.0161,77.4552,0.239377618,0.195322946,0.08,1.19
A1.1.8,0.050473186,0.097791798,0.07360673,0.062039958,0.0305,0.008303072,17.3914,446.7359,0.567601618,0.370230447,0.06,0.936134537
A1.1.9,0.046758767,0.056323061,0.165781084,0.082890542,0.029,0.007013771,10.6606,220.8088,0.579918715,0.389930321,0.1,0.880305132
A1.1.10,0.040894792,0.060817896,0.062915065,0.010380986,0.022083333,0.008859968,6.2139,125.0387,0.25867116,0.166583799,0.12,1.133306709
A1.1.11,0.018854749,0.037709497,0.025139665,0.044832402,0.027583333,0.00990189,11.0204,219.9139,0.421498544,0.686450428,0.12,1.119161677
A1.1.12,0.038585209,0.067524116,0.660235798,0.058949625,0.0315,0.008176347,7.0412,184.9668,0.647074398,0.315389031,0.06,0.839567341
A1.1.13,0.027134588,0.044500724,0.153039074,0.06186686,0.040666667,0.007040064,9.8584,163.999,0.623769269,0.215586383,0.04,0.964808362
A1.1.14,0.018499486,0.060637205,0.097636177,0.044193217,0.03325,0.008477089,5.0343,92.9125,0.382916832,0.387941216,0.04,0.867597765
A1.1.15,0.022332506,0.121233605,0.04360156,0.085076214,0.044666667,0.015073799,10.3307,152.0593,0.588892193,0.433921274,0.06,0.8534323
A1.1.16,0.003281079,0.094057601,0.006562158,0.019686475,0.033666667,0.009387241,19.0358,428.2085,0.74973545,0.153769763,0.21,0.96
A1.2.1,0.01603135,0.090844318,0.28001425,0.069469184,0.033583333,0.010790158,2.8333,6.1066,0.143827407,0.516579003,0.05,0.806
A1.2.2,0.037300178,0.132149201,1.40035524,0.006394316,0.033666667,0.007964913,8.1101,211.9462,0.42615528,0.734913872,0.07,0.728
A1.2.3,0.019313305,0.02360515,0.123390558,0.10193133,0.0365,0.011237457,2.7128,34.9548,0.154465861,0.430759143,0.11,0.708
A1.2.4,0.009605123,0.080042689,0.104589114,0.010672359,0.03025,0.01038757,5.5752,145.614,0.344973545,0.412578776,0.07,1.089
A1.2.5,0.005261312,0.081024202,0.016836198,0.069449316,0.048166667,0.012483222,5.5291,125.272,0.437731849,0.639401865,0.07,0.812
A1.2.6,0.052537527,0.113652609,0.094353109,0.050393138,0.028583333,0.010681462,2.6661,24.5726,0.155035673,0.401149805,0.03,0.798
A1.2.7,0.015608741,0.015608741,0.003121748,0.021852237,0.022,0.010916614,4.245,99.8681,0.332572072,0.562274103,0.25,1.18
A1.2.8,0.012592242,0.034710234,0.10589894,0.032921696,0.041833333,0.01636026,2.5574,35.2684,0.186929536,0.449270365,0.1,0.786
A1.2.9,0.015608741,0.080042689,1.117677226,0.01521748,0.04275,0.015136281,2.981,27.2249,0.242182832,0.276670151,0.06,0.987
A1.2.10,0.036684538,0.108326157,0.076031925,0.096774428,0.034583333,0.014704334,4.3559,108.6966,0.185985074,0.451498008,0.07,0.7
A1.4.1,0.013756614,0.092063492,0.284656085,0.034920635,0.02725,0.008528405,14.1069,135.6802,0.448,0.577791372,0.08,1.201392758
A1.4.2,0.06122449,0.081997085,0.195699708,0.04154519,0.043333333,0.017538733,11.3664,243.4228,0.529066667,0.198557038,0.04,0.604
A1.4.3,0.037851478,0.018385004,0.262797404,0.034607066,0.032583333,0.006339793,9.3919,95.6274,0.496,0.414933649,0.05,0.623
A1.4.4,0.009670487,0.106375358,1.981375358,0.018266476,0.035583333,0.014060839,9.3273,242.8922,0.432,0.414472161,0.17,0.978164117
A1.4.5,0.063706564,0.174903475,0.235135135,0.053281853,0.043416667,0.009361066,9.1669,219.7688,0.525866667,0.392546715,0.07,0.977888051
A1.4.6,0.026891359,0.069917533,0.044101829,0.121548942,0.038833333,0.011560263,12.2789,237.6771,0.498133333,0.557209451,0.06,0.867397369
A1.4.7,0.023272214,0.089915374,0.001057828,0.063469676,0.025416667,0.007713272,12.6806,306.3965,0.571733333,0.511302119,0.04,0.894714882
A1.4.8,0.060873234,0.060293907,0.004422896,0.034920635,0.040416667,0.009307126,16.6018,318.6372,0.6464,0.311466297,0.02,0.689
A1.4.9,0.022050732,0.038597587,0.15319123,0.051251451,0.029583333,0.015425701,12.1654,259.3752,0.4928,0.434801722,0.14,0.678
A1.4.10,0.023272214,0.106375358,0.15319123,0.076777456,0.03225,0.011369773,19.5466,333.0951,0.653866667,0.453175212,0.11,0.956
A1.8.1,0.008495575,0.146548673,1.188318584,0.022300885,0.029333333,0.009495694,13.8147,212.3653,0.538666667,0.511066167,0.11,0.706
A1.8.2,0.029713866,0.09244314,0.267424798,0.07703595,0.052333333,0.015463777,8.1625,98.7506,0.3328,0.417440222,0.04,0.675
A1.8.3,0.013953488,0.075134168,0.237209302,0.044007156,0.036083333,0.021327976,15.4675,293.1462,0.570666667,0.517375226,0.11,0.865
A1.8.4,0.030451523,0.224711236,0.696184809,0.035701785,0.029666667,0.005402639,11.6137,172.8153,0.509866667,0.480849596,0.05,0.688
A1.8.5,0.007481297,0.059850374,0.053437834,0.113288208,0.028833333,0.01368193,14.4651,262.1438,0.561066667,0.491968174,0.13,0.683
A1.8.6,0.023613596,0.019320215,0.012880143,0.026833631,0.036833333,0.008877512,13.5473,202.3291,0.528,0.531356882,0.06,0.986
A1.8.7,0.037841626,0.001051156,0.023125438,0.046250876,0.028166667,0.013076217,12.0689,156.6637,0.523733333,0.520792171,0.1,0.712
A1.8.8,0.018150982,0.198566358,0.134510739,0.039638963,0.030333333,0.005442158,19.3378,416.8133,0.606933333,0.590124694,0.06,0.806
A1.8.9,0.037222081,0.058379802,0.807897816,0.036035421,0.033833333,0.010319073,6.5167,130.1054,0.328533333,0.634346043,0.1,0.645
A1.16.1,0.037630662,0.082578397,0.175609756,0.047038328,0.030583333,0.019334178,1.9099,35.1589,0.204533333,0.664809267,0.05,0.556
A1.16.2,0.079166667,0.038541667,0.380208333,0.035625,0.0345,0.009030648,7.8526,122.6236,0.312533333,0.571132608,0.08,0.673
A1.16.3,0.03814433,0.168041237,0.041237113,0.045360825,0.01775,0.009133574,6.5362,185.6091,0.464,0.620676338,0.1,0.668
A1.16.4,0.027228916,0.105335628,0.043373494,0.115283993,0.018666667,0.013421391,6.9481,156.2721,0.3072,0.624236571,0.09,0.504
A1.16.5,0.049513742,0.082452431,0.04756871,0.066596195,0.041,0.012277279,16.3404,258.7657,0.583466667,0.471054981,0.14,0.513
A2.1.1,0.048296518,0.049419693,0.134780981,0.023586672,0.054916667,0.021029694,9.3932,158.5671,0.254933333,0.336250103,0.04,0.749900833
A2.1.2,0.0234375,0.05559593,0.291061047,0.056686047,0.062166667,0.016801513,8.5049,219.408,0.215466667,0.306300705,0.03,0.708623088
A2.1.3,0.01540719,0.026412326,0.014306676,0.040719002,0.067083333,0.02089446,8.8921,145.1049,0.101333333,0.248235957,0.23,0.569944045
A2.1.4,0.001090909,0.114545455,1.266545455,0.015272727,0.059833333,0.013105782,12.0931,276.0094,0.448,0.581020039,0.11,0.587
A2.1.5,0.021821961,0.124696917,0.704537582,0.022861101,0.017916667,0.006745428,10.9689,160.8321,0.325333333,0.491128597,0.23,0.819476139
A2.1.6,0.057877814,0.22829582,2.081457663,0.087888532,0.055,0.014860258,14.5731,301.2385,0.507733333,0.619674076,0.22,0.83366435
A2.1.7,0.046909091,0.128727273,0.350181818,0.031636364,0.046583333,0.01247911,10.7249,214.0808,0.283733333,0.133499163,0.07,0.597058532
A2.1.8,0.005539143,0.196085672,2.07717873,0.009970458,0.044833333,0.016205399,4.9675,178.1165,0.2624,0.292757101,0.07,0.639470014
A2.1.9,0.011853448,0.061555076,0.211663067,0.059395248,0.048,0.008637489,5.2105,106.9841,0.3168,0.3460146,0.13,0.783
A2.1.10,0.033015407,0.071533382,0.10785033,0.045121056,0.042333333,0.010302291,5.4956,148.3038,0.193066667,0.202437404,0.33,0.764
A2.1.11,0.0330373,0.134280639,2.501243339,0.049023091,0.030916667,0.011466162,11.7634,176.6158,0.504533333,0.56709277,0.11,0.736557002
A2.1.12,0.035062089,0.084368152,2.156318481,0.026296567,0.049083333,0.01035663,8.7122,265.2399,0.482133333,0.336205902,0.1,0.468
A2.1.13,0.032079646,0.282079646,2.116150442,0.017699115,0.04925,0.012166476,5.9583,208.325,0.1376,0.395688709,0.05,0.589
A2.1.14,0.020810515,0.202628697,1.531215772,0.029572837,0.07775,0.016510114,3.731,188.1138,0.1312,0.325819996,0.08,0.555710306
A2.1.15,0.016629712,0.22172949,2.090909091,0.219512195,0.05175,0.017065721,10.6459,180.9151,0.301866667,0.45535731,0.19,0.683
A2.1.16,0.078193833,0.172907489,0.622246696,0.047356828,0.04925,0.01045616,8.0742,210.481,0.554666667,0.191026923,0.05,0.672
A2.2.1,0.034065934,0.021978022,0.002197802,0.023076923,0.056,0.013308112,13.7594,198.9751,0.257066667,0.62192682,0.05,0.712
A2.2.2,0.039287013,0.010913059,0.004365224,0.009237335,0.050916667,0.014950338,16.3255,262.2613,0.525866667,0.626449259,0.08,0.604
A2.2.3,0.044919786,0.128342246,1.910160428,0.025668449,0.03385,0.020360201,15.7136,160.7721,0.581333333,0.456567406,0.16,0.612
A2.2.4,0.077441077,0.234567901,1.37037037,0.035914703,0.07325,0.02429042,12.8541,138.0234,0.352,0.54163301,0.21,0.568
A2.2.5,0.030412744,0.051049964,0.243301955,0.015206372,0.042083333,0.010645126,11.5891,206.0332,0.491733333,0.352773384,0.3,0.924
A2.2.6,0.0591133,0.080225194,1.722378607,0.03166784,0.048916667,0.019068068,12.2563,132.5784,0.404266667,0.453631898,0.05,0.546
A2.2.7,0.015390253,0.026383291,1.098699007,0.079149872,0.070833333,0.018907683,14.4089,302.5176,0.4416,0.654310935,0.12,0.634
A2.2.8,0.008775137,0.197020102,1.069989007,0.027422303,0.060333333,0.020421655,10.7297,181.7954,0.174933333,0.536333372,0.16,0.702
A2.2.9,0.055914797,0.026027525,1.37037037,0.009128946,0.055166667,0.011139821,12.0196,134.8695,0.2048,0.238577194,0.06,0.778
A2.2.10,0.031122638,0.232846047,1.37037037,0.013338273,0.048083333,0.012780879,10.3628,140.6064,0.210133333,0.444365643,0.09,0.512
A2.4.1,0.052966102,0.018008475,0.109110169,0.043432203,0.0495,0.018791334,7.9273,338.5449,0.542933333,0.626869338,0.06,0.793471751
A2.4.2,0.086591158,0.050420168,0.016441359,0.040960906,0.054166667,0.013909697,12.2819,160.4129,0.423466667,0.376979741,0,0.819666435
A2.4.3,0.039942425,0.234256927,0.715725081,0.02374955,0.055666667,0.019458026,10.331,172.4569,0.2816,0.362756552,0.05,0.611899291
A2.4.4,0.028008299,0.12033195,1.592323651,0.015560166,0.04025,0.017433548,10.6995,183.7213,0.2816,0.346069306,0.12,0.9325294
A2.4.5,0.031751451,0.062478662,0.14441789,0.05735746,0.031416667,0.01153879,17.6395,310.0035,0.6336,0.622106003,0.09,1.213643178
A2.4.6,0.021015762,0.399299475,0.023117338,0.067250438,0.045083333,0.015751728,11.102,264.8124,0.3456,0.614135188,0.09,0.80723192
A2.4.7,0.054101839,0.068953324,0.276874116,0.046676096,0.046833333,0.009903062,14.4584,188.8858,0.445866667,0.590794199,0.08,0.807692308
A2.4.8,0.037756203,0.176279069,0.109110169,0.07227616,0.058,0.015550493,14.0931,181.9543,0.341333333,0.467997007,0.11,0.737028184
A2.4.9,0.051943671,0.215280025,0.176261595,0.094599493,0.056583333,0.014081954,12.8771,320.9735,0.624,0.548942216,0.13,0.623
A2.4.10,0.032920354,0.176279069,0.250896987,0.097699115,0.050083333,0.019219955,15.4004,433.2168,0.698666667,0.436848218,0.17,0.468
A2.8.1,0.043624161,0.105592841,0.118568233,0.044742729,0.075,0.025381874,13.788,247.568,0.689066667,0.592886514,0.06,0.556
A2.8.2,0.072468917,0.146891652,0.24511545,0.043694494,0.038666667,0.011801243,11.1448,299.239,0.648533333,0.586334876,0.05,0.685
A2.8.3,0.0330033,0.129812981,0.282728273,0.116611661,0.07675,0.017781569,6.4868,168.4733,0.3936,0.515215272,0.08,0.548
A2.8.4,0.067661437,0.191535936,0.307551988,0.05144108,0.047333333,0.015954201,4.4361,192.3062,0.581333333,0.409614338,0.07,0.643
A2.8.5,0.047328792,0.227034779,0.214055217,0.02721047,0.055333333,0.013845228,9.83,241.8219,0.644266667,0.606357341,0.1,0.902059814
A2.8.6,0.08384755,0.043557169,0.871143376,0.068602541,0.075666667,0.012669796,3.6581,86.2085,0.277333333,0.671827234,0.1,0.503
A2.8.7,0.036036036,0.142342342,0.109395109,0.055341055,0.08715,0.015820087,7.927,227.0514,0.577066667,0.766758193,0.13,0.467
A2.8.8,0.036131775,0.138146224,0.344884991,0.059511158,0.04725,0.010957127,8.2174,208.8418,0.597333333,0.644254016,0.07,0.554
A2.8.9,0.024838013,0.117310152,0.118568233,0.081767241,0.04875,0.018613029,5.0433,239.9252,0.394666667,0.648603592,0.12,0.595
A2.16.1,0.036984854,0.206340261,0.374075379,0.047551955,0.048916667,0.017699111,5.6458,162.7451,0.3712,0.502084107,0.08,0.45
A2.16.2,0.033072546,0.112019915,0.261379801,0.073470839,0.045916667,0.017833745,7.4216,187.9276,0.509333333,0.465894869,0.11,0.624950417
A2.16.3,0.055260361,0.186822529,0.102125399,0.049946865,0.05975,0.01253364,7.1121,143.1365,0.2864,0.454232498,0.11,0.495
A2.16.4,0.06423983,0.164882227,0.158458244,0.055674518,0.0615,0.019860984,4.9079,98.8387,0.209066667,0.552448786,0.16,0.508
A2.16.5,0.052725968,0.24856528,0.181850789,0.047345768,0.040416667,0.013980951,8.3293,180.7131,0.439466667,0.613892376,0.03,0.504
A4.1.1,0.013584906,0.070188679,0.01245283,0.015849057,0.074166667,0.017921922,3.9524,131.1193,0.449066667,0.552105233,0.11,0.742
A4.1.2,0.04002885,0.096285611,0.061666066,0.025964659,0.060666667,0.020768556,3.644,82.1279,0.174933333,0.45185175,0.16,0.716
A4.1.3,0.039618489,0.129860602,0.020909758,0.013206163,0.056083333,0.018184302,6.0469,87.2609,0.373333333,0.252791322,0.29,0.878
A4.1.4,0.015572859,0.131256952,0.028921023,0.028921023,0.054,0.015203011,4.2412,74.7067,0.448,0.46338171,0.26,0.909
A4.1.5,0.103729604,0.173659674,0.078088578,0.001165501,0.08875,0.024557079,4.9765,53.6366,0.2304,0.516787435,0.37,0.983
A4.1.6,0.048260382,0.230272597,0.049382716,0.005723906,0.0735,0.013476355,9.8073,261.7826,0.5376,0.58980943,0.12,0.863
A4.1.7,0.034377387,0.08250573,0.004583652,0.060733384,0.091583333,0.021593905,2.6879,48.709,0.278133333,0.22575161,0.17,1.336969334
A4.1.8,0.05433526,0.18265896,0.110982659,0.025433526,0.0935,0.02562341,3.1487,46.3581,0.276266667,0.424934862,0.13,0.852
A4.1.9,0.030314371,0.116766467,0.005613772,0.083083832,0.071333333,0.014294608,2.7263,130.3732,0.228266667,0.424559939,0.4,0.871473851
A4.1.10,0.055272442,0.109368875,0.07879263,0.041160329,0.085666667,0.018141031,3.9689,130.8263,0.098133333,0.591682673,0.11,0.719952305
A4.1.11,0.01932713,0.033285612,0.009663565,0.009726225,0.059416667,0.014276043,1.884,71.9244,0.1856,0.797102313,0.09,0.636580517
A4.1.12,0.063242622,0.142583365,0.166730548,0.034495975,0.079083333,0.016029462,4.2484,118.7223,0.173866667,0.399382061,0.2,0.637548658
A4.1.13,0.022604952,0.103336921,0.205597417,0.074273412,0.052,0.014273956,4.6766,120.9257,0.413866667,0.280490603,0.2,0.649950407
A4.1.14,0.083138173,0.135831382,0.959016393,0.053864169,0.0935,0.026604631,4.459,102.6216,0.279466667,0.263527061,0.07,0.85
A4.1.15,0.02006689,0.10367893,0.649944259,0.056856187,0.0625,0.022187406,5.8565,159.3008,0.327466667,0.627882063,0.2,0.861
A4.1.16,0.032295271,0.108419839,0.179930796,0.055363322,0.09725,0.021970276,2.3894,108.2499,0.3552,0.286955045,0.06,0.642
A4.2.1,0.054842474,0.148191365,0.317386231,0.032672112,0.07825,0.017764454,3.6851,224.8186,0.224,0.541273481,0.07,0.354
A4.2.2,0.029178674,0.220461095,0.191282421,0.077308518,0.106666667,0.029606198,4.8783,56.5402,0.293333333,0.716389526,0.13,0.678
A4.2.3,0.079275198,0.125707814,0.19592299,0.041902605,0.057,0.016558281,4.691,157.0243,0.2816,0.563556845,0.15,0.504
A4.2.4,0.109623734,0.057525326,0.285455861,0.019536903,0.057666667,0.020713591,7.305,158.8269,0.324266667,0.700977464,0.45,0.462
A4.2.5,0.053158706,0.225346687,0.146764253,0.033513097,0.087666667,0.013686628,3.9584,100.5429,0.266666667,0.397266411,0.13,0.682
A4.2.6,0.09623431,0.154811715,0.289748954,0.021966527,0.0375,0.014153584,5.4136,98.0015,0.450133333,0.562179213,0.12,0.763
A4.2.7,0.044117647,0.118967452,0.161406026,0.023672884,0.061416667,0.017719119,4.5329,138.5908,0.293333333,0.776663055,0.1,0.622068008
A4.2.8,0.071720221,0.185533017,0.256905904,0.011998081,0.1055,0.02359036,4.805,115.7367,0.288,0.565997976,0.09,0.846570973
A4.2.9,0.039965802,0.073482261,0.199180805,0.035174155,0.078333333,0.023491378,4.3422,61.4966,0.313333333,0.38138925,0.11,0.546
A4.2.10,0.068098988,0.220675474,0.269042222,0.032396924,0.083666667,0.020237816,5.6432,89.9726,0.381866667,0.61635411,0.21,0.469
A4.4.1,0.025470653,0.176079734,0.069767442,0.015503876,0.07475,0.014262799,10.5027,159.0438,0.344533333,0.660848946,0.08,0.874955099
A4.4.2,0.044688358,0.08232066,0.062328499,0.07056056,0.108416667,0.020939878,4.9916,155.6862,0.2896,0.461679488,0.05,0.872269074
A4.4.3,0.034469552,0.18843355,0.145921103,0.08042895,0.071916667,0.018664296,2.8706,66.6875,0.285333333,0.539641553,0.12,0.733830104
A4.4.4,0.038732394,0.176056338,0.23943662,0.021126761,0.10225,0.019526797,6.7338,79.9686,0.279466667,0.427858046,0.15,1.110165108
A4.4.5,0.073434125,0.085313175,0.087473002,0.032397408,0.04775,0.017111588,7.5175,99.6725,0.161066667,0.57535282,0.19,0.928144545
A4.4.6,0.039766082,0.169590643,0.051461988,0.011695906,0.073,0.020855296,8.0688,81.8129,0.410666667,0.667211489,0.12,0.422
A4.4.7,0.099603031,0.203536629,0.024900758,0.021652833,0.053833333,0.012932511,4.7503,100.1929,0.224,0.45917398,0.11,0.502
A4.4.8,0.033315138,0.143151243,0.050408218,0.021126761,0.086416667,0.021562984,5.6821,82.1687,0.2272,0.395934356,0.06,0.832701894
A4.4.9,0.042909352,0.143151243,0.208326535,0.053470442,0.08075,0.023013687,4.8711,176.2782,0.3832,0.756765439,0.23,1.09610183
A4.4.10,0.060481741,0.099438648,0.23943662,0.021126761,0.083833333,0.015873254,6.8787,201.4124,0.308266667,0.554763341,0.2,0.458
A4.8.1,0.080808081,0.086419753,0.052749719,0.065095398,0.0725,0.018017296,9.3843,142.87209,0.370666667,0.576348098,0.08,0.502
A4.8.2,0.043221278,0.233838197,0.062061322,0.027705948,0.075416667,0.017449576,3.7733,46.2141,0.324266667,0.601884217,0.1,0.876
A4.8.3,0.03692652,0.208131294,0.010070869,0.085950984,0.055333333,0.012187324,6.6326,97.1528,0.257066667,0.48968982,0.11,0.4
A4.8.4,0.059891107,0.143738657,0.066424682,0.12522686,0.069916667,0.015339892,5.1912,169.726,0.316523621,0.519133247,0.09,1.011293044
A4.8.5,0.066666667,0.250847458,0.016949153,0.038418079,0.05475,0.012294419,4.0039,79.9486,0.2304,0.52935078,0.19,0.637406484
A4.8.6,0.036477524,0.144804716,0.04642594,0.017686072,0.060583333,0.015123917,3.4516,116.1414,0.222666667,0.583449529,0.11,0.346
A4.8.7,0.058303887,0.183392226,0.168551237,0.03180212,0.043916667,0.010029235,3.0793,126.1814,0.295466667,0.592568698,0.1,0.705828617
A4.8.8,0.065981809,0.116686245,0.05374634,0.066214743,0.069583333,0.020094464,3.9699,82.026,0.338133333,0.526945314,0.09,0.332
A4.8.9,0.061917449,0.133940932,0.067968545,0.02921571,0.090083333,0.024256208,3.9674,105.3703,0.2272,0.58673362,0.1,0.546
A4.16.1,0.071293851,0.152772539,0.107506601,0.071316484,0.080583333,0.019983443,2.6579,133.4578,0.267733333,0.584710229,0.1,0.423
A4.16.2,0.049941928,0.159117305,0.027874564,0.03484321,0.0775,0.013934953,3.6725,92.5663,0.1896,0.595910168,0.11,0.408
A4.16.3,0.057548845,0.08312611,0.193960924,0.0330373,0.066166667,0.018039631,5.6916,144.5676,0.371733333,0.688713567,0.13,0.445
A4.16.4,0.094218415,0.199143469,0.063169165,0.1124197,0.06975,0.023546639,6.5589,118.3574,0.225066667,0.549979878,0.11,0.349
A4.16.5,0.082387404,0.186634932,0.142475284,0.096667887,0.067416667,0.019559136,7.4129,120.2153,0.231466667,0.556929934,0.1,1.264
B1.1.1,0.02699784,0.019438445,0.190064795,0.002125399,0.03975,0.012562086,3.63,37.55519366,0.226133333,0.630305486,0.04,0.125623131
B1.1.2,0.057593418,0.002056908,0.358930408,0.009632537,0.019416667,0.007179807,5.93,170.2338752,0.554666667,0.42652651,0.04,0.110978993
B1.1.3,0.025298665,0.098032326,0.205551651,0.036893886,0.025333333,0.007301335,0.83,26.91409658,0.237866667,0.241067821,0.1,0.307109383
B1.1.4,0.066027689,0.087326944,0.170394036,0.053248136,0.028,0.006149951,1.44,77.16773653,0.1632,0.462211121,0.08,0.223352278
B1.1.5,0.029835391,0.010288066,1.113168724,0.065843621,0.01375,0.006093731,4.64,82.04937852,0.446933333,0.364695194,0.1,0.222001982
B1.1.6,0.013462202,0.048671039,0.182257508,0.173423423,0.038583333,0.010193901,1.58,45.20523018,0.354133333,0.616500671,0.11,0.152975067
B1.1.7,0.010555947,0.022167488,0.03166784,0.036945813,0.030416667,0.006897001,3.32,135.9166073,0.430933333,0.105357513,0.05,0.110978993
B1.1.8,0.028173913,0.010434783,0.129391304,0.055304348,0.025666667,0.007920267,3.77,77.70616081,0.455466667,0.225426366,0.05,0.125161418
B1.1.9,0.019744059,0.096526508,0.089945155,0.120658135,0.073833333,0.024142917,8.48,191.6026825,0.532266667,0.436036724,0.07,0.25047212
B1.1.10,0.029227557,0.080375783,0.086638831,0.084551148,0.024,0.005939758,11.51,254.8878922,0.72,0.271553003,0.07,0.348362695
B1.1.11,0.01553331,0.10562651,0.111839834,0.092164308,0.037083333,0.013175104,14.85,366.1973304,0.574933333,0.721370528,0.11,0.263522885
B1.1.12,0.041800643,0.112540193,0.158628081,0.068595927,0.0295,0.009768638,9.05,194.1802613,0.469333333,0.242410005,0.05,0.222134074
B1.1.13,0.015021459,0.083690987,0.083690987,0.066523605,0.04075,0.006820564,6.96,154.136579,0.471466667,0.188070862,0.01,0.153264331
B1.1.14,0.013800425,0.112526539,0.098726115,0.043524416,0.02525,0.010192545,18.03,400.0532102,0.749866667,0.316042541,0.01,0.222023987
B1.1.15,0.031099196,0.086863271,0.007506702,0.082573727,0.034375,0.013574691,8.24,125.8199711,0.452266667,0.41480544,0.06,0.236111111
B1.1.16,0.022120787,0.01369382,0.005266854,0.028441011,0.030416667,0.009078973,9.64,188.1094562,0.6048,0.227370405,0.15,0.205
B1.2.1,0.025504782,0.056323061,0.693942614,0.018358531,0.02325,0.008895677,1.92,48.3704779,0.1024,0.404388365,0.04,0.277612532
B1.2.2,0.023925104,0.065533981,0.125866852,0.073855756,0.044166667,0.011404669,4.29,8.769370343,0.202666667,0.636614572,0.08,0.460939838
B1.2.3,0.08372093,0.088014311,0.059033989,0.024686941,0.036333333,0.010619013,6.24,104.0067365,0.317866667,0.578974064,0.08,0.055910543
B1.2.4,0.025458248,0.015274949,0.781059063,0.067209776,0.02625,0.006564671,5.82,66.53410338,0.2304,0.439085924,0.07,0.361362057
B1.2.5,0.01773913,0.090782609,0.004173913,0.015652174,0.060666667,0.015549986,4.92,37.74613648,0.193066667,0.670351632,0.08,0.152823261
B1.2.6,0.012784091,0.007457386,0.002130682,0.053267045,0.024333333,0.01096752,4.95,8.770465283,0.1952,0.408954603,0.03,0.139623018
B1.2.7,0.046956522,0.092869565,0.053217391,0.072,0.027666667,0.008689865,7.68,114.4077452,0.333866667,0.596944371,0.13,0.221979982
B1.2.8,0.080314992,0.032847814,0.101397735,0.026316958,0.028166667,0.007601455,10.33,151.2297512,0.417066667,0.463496155,0.09,0.181600479
B1.2.9,0.082180339,0.06083972,0.077662261,0.019060381,0.029333333,0.013195745,5.29,53.53057054,0.168533333,0.338635761,0.03,0.221914008
B1.2.10,0.063195554,0.025738031,0.101397735,0.037136283,0.034833333,0.011366388,6.49,90.2692772,0.253866667,0.393653352,0.06,0.112
B1.4.1,0.030118322,0.15059161,0.906776622,0.079598422,0.035833333,0.012891302,9.54,164.4050726,0.7136,0.653572049,0.08,0.43132578
B1.4.2,0.015991471,0.118336887,0.218550107,0.029850746,0.023025,0.012081891,33.44,598.3440501,0.881066667,0.3392362,0.04,0.42
B1.4.3,0.028125,0.021875,0.263541667,0.081458333,0.02825,0.008385793,19.93,328.0241311,0.6496,0.372532214,0.05,0.235994051
B1.4.4,0.055254605,0.055254605,0.284940412,0.09750813,0.0365,0.010664392,16.7,365.145854,0.542933333,0.307361512,0.12,0.473537604
B1.4.5,0.092624357,0.269639794,0.027787307,0.069639794,0.019083333,0.008891101,12.47,220.3697407,0.5792,0.747539256,0.07,0.444312209
B1.4.6,0.049929178,0.069050992,0.150849858,0.137152975,0.046166667,0.015200523,12.6,232.1258739,0.474666667,0.683612765,0.06,0.209121689
B1.4.7,0.02372394,0.092739037,0.319194824,0.083033789,0.026916667,0.010818629,10.16,172.0026199,0.446933333,0.484013329,0.05,0.083966413
B1.4.8,0.061571792,0.210576096,0.171053029,0.039044832,0.03175,0.009290913,14.09,188.8585232,0.6048,0.281693101,0.02,0.571201115
B1.4.9,0.055254605,0.158505597,0.284940412,0.042929072,0.041916667,0.012504753,8.54,80.39831714,0.432,0.605353717,0.09,0.204
B1.4.10,0.030118322,0.15059161,0.284940412,0.06750813,0.035416667,0.0113264,11.1,220.7538513,0.535466667,0.422063287,0.13,0.198
B1.8.1,0.012843382,0.084552265,0.95326436,0.045251971,0.029916667,0.008146779,25,380.4707674,0.673066667,0.645260607,0.1,0.142358949
B1.8.2,0.072529783,0.022074282,0.948142957,0.042046251,0.047916667,0.020975562,19.77,321.098093,0.6144,0.565509075,0.05,0.138916452
B1.8.3,0.020169851,0.114649682,0.045647558,0.01698514,0.04475,0.01351175,18.04,325.7037817,0.625066667,0.501143409,0.09,0.166369578
B1.8.4,0.042146974,0.079971182,0.774855908,0.032420749,0.032416667,0.009086107,10.07,145.5002023,0.417066667,0.292209248,0.08,0.55621772
B1.8.5,0.014825274,0.118602188,0.052947406,0.149311684,0.034166667,0.011050503,24.49,475.0457639,0.638933333,0.632451967,0.11,0.24200977
B1.8.6,0.010672359,0.065101387,0.147278549,0.116328709,0.03525,0.014320796,15.83,338.580993,0.573866667,0.703682278,0.07,0.181220751
B1.8.7,0.03041958,0.111188811,0.031468531,0.073426573,0.028166667,0.010583996,24.78,397.8405645,0.7232,0.542110353,0.09,0.598826221
B1.8.8,0.06272649,0.111188811,0.466142726,0.044541658,0.035666667,0.016458652,18.04,308.2858565,0.657066667,0.462945494,0.07,0.083890942
B1.8.9,0.039028172,0.029128517,0.174956463,0.089571039,0.028833333,0.011610903,8.21,139.1259956,0.362666667,0.62612984,0.07,0.194309507
B1.16.1,0.054583625,0.05773268,0.05983205,0.104968509,0.037333333,0.010574673,5.94,140.5718822,0.458133333,0.56396248,0.05,0.250397456
B1.16.2,0.073221038,0.025782056,0.653832932,0.030938467,0.026583333,0.010965238,5.35,64.38155082,0.331733333,0.56132395,0.08,0.875
B1.16.3,0.020466786,0.09048474,0.063554758,0.071095153,0.030916667,0.011303714,12.01,233.9461291,0.6112,0.356387519,0.09,0.446
B1.16.4,0.041023192,0.016371078,0.3069577,0.065484311,0.026166667,0.017654914,18.89,337.4449051,0.661333333,0.58638259,0.08,0.348
B1.16.5,0.028805121,0.075746799,0.08534851,0.152560455,0.036166667,0.009095818,10.8,219.877844,0.622933333,0.442774577,0.11,0.264066852
B2.1.1,0.061538462,0.041758242,0.013186813,0.057142857,0.083,0.02470015,5.91,173.7237098,0.203733333,0.291932463,0.04,0.335731415
B2.1.2,0.031071429,0.0075,0.004285714,0.081428571,0.045166667,0.013953436,6.43,200.6209113,0.3392,0.427196791,0.04,0.111045013
B2.1.3,0.047218155,0.039531479,0.010980966,0.070278184,0.065333333,0.020895416,9.36,317.5285832,0.381866667,0.302074725,0.55,0.558826464
B2.1.4,0.017653549,0.095991173,0.806546524,0.013240162,0.070666667,0.018771594,7.14,236.8669224,0.306133333,0.554702662,0.1,0.265283734
B2.1.5,0.060929432,0.025817556,0.391394148,0.026850258,0.026166667,0.006480065,7.13,203.8874281,0.4576,0.40158541,0.22,0.48649722
B2.1.6,0.032758013,0.176470588,1.035575907,0.051778795,0.053416667,0.014771233,7.92,269.0646696,0.548266667,0.759125153,0.13,0.457652303
B2.1.7,0.042203986,0.118405627,3.233294256,0.025791325,0.06475,0.021140251,3.51,199.6200599,0.2432,0.162888117,0.08,0.513837913
B2.1.8,0.012743363,0.198584071,0.560707965,0.012743363,0.044583333,0.013881465,11.51,239.6274034,0.331733333,0.395329466,0.06,0.405027933
B2.1.9,0.011743772,0.092882562,0.832740214,0.037366548,0.041083333,0.013592312,2.15,168.4104097,0.237866667,0.402732694,0.12,0
B2.1.10,0.041009464,0.132492114,1.493165089,0.048370137,0.0415,0.01403689,5.82,297.3061903,0.452266667,0.353610804,0.25,0.348050915
B2.1.11,0.084813338,0.141681574,2.460107335,0.062254025,0.041583333,0.015648184,2.97,221.6897242,0.410666667,0.680826638,0.11,0.251974803
B2.1.12,0.012775018,0.037260468,2.014194464,0.027679205,0.038166667,0.005801439,5.29,186.4887564,0.161066667,0.322698462,0.14,0.47339632
B2.1.13,0.02991453,0.189102564,0.143162393,0.045940171,0.0425,0.008806065,14.78,284.3981778,0.753066667,0.220376256,0.11,0.069951034
B2.1.14,0.001081861,0.180131004,1.637554585,0.033842795,0.052,0.014970599,10.01,73.61999135,0.1952,0.233779016,0.11,0.250372578
B2.1.15,0.011909058,0.156983039,1.471309996,0.162396247,0.051833333,0.014437047,12.85,234.7511965,0.3584,0.55153503,0.19,0.209895052
B2.1.16,0.084895649,0.37222418,1.977007428,0.015917934,0.042166667,0.007562587,15.94,247.9165847,0.568533333,0.370828287,0.23,0.316
B2.2.1,0.032269631,0.053782718,0.280745787,0.029042668,0.040833333,0.010452957,12.78,162.8662084,0.301866667,0.485239773,0.05,0.471941305
B2.2.2,0.081893573,0.061161023,0.054941258,0.016240402,0.033583333,0.013012493,14.22,244.706354,0.528,0.581476746,0.09,0.263993648
B2.2.3,0.055106539,0.011021308,0.72961058,0.008817046,0.049416667,0.010285602,3.69,107.0240498,0.1056,0.482603643,0.16,0.27972028
B2.2.4,0.015526802,0.066543438,0.186321627,0.01219963,0.077833333,0.022862603,11.55,181.4783829,0.337066667,0.40499685,0.2,0.390166219
B2.2.5,0.059690494,0.267501842,0.77266028,0.036477524,0.048333333,0.014114095,10.89,209.1791707,0.197333333,0.492493498,0.13,0.417204728
B2.2.6,0.0778157,0.082935154,0.13105802,0.01331058,0.024583333,0.00882877,11.41,155.2464358,0.311466667,0.458769512,0.05,0.404785643
B2.2.7,0.015300546,0.071038251,0.225136612,0.076502732,0.06575,0.015338259,13.56,231.4176177,0.433066667,0.645924917,0.13,0.713928607
B2.2.8,0.083631165,0.065433829,0.29497404,0.017155111,0.051083333,0.015011238,12.58,152.787822,0.257066667,0.681378338,0.12,0.559272945
B2.2.9,0.040883978,0.034582969,0.749160869,0.059668508,0.05075,0.010238098,10.67,178.0061425,0.3616,0.485526405,0.08,0.374888426
B2.2.10,0.034433286,0.212692683,0.186321627,0.016140603,0.051666667,0.016955232,12.21,223.2739607,0.610133333,0.438724852,0.15,0.265098665
B2.4.1,0.031868132,0.036263736,0.012087912,0.034065934,0.067,0.014767863,10.65,265.0424349,0.592,0.630662611,0.08,0.083623693
B2.4.2,0.048314607,0.030337079,0.300432277,0.025842697,0.05675,0.020441591,9.65,240.9433802,0.594133333,0.327648559,0.05,0.363164721
B2.4.3,0.003338279,0.153560831,0.095697329,0.035608309,0.068833333,0.017376017,7.2,220.503925,0.3424,0.435262253,0.07,0.542527822
B2.4.4,0.054545455,0.288770053,0.219251337,0.045989305,0.0385,0.017744019,2.21,137.7315224,0.168533333,0.4586528,0.12,0.863423854
B2.4.5,0.038391225,0.102010969,0.175502742,0.051553931,0.054083333,0.015192846,7.25,187.0008324,0.3104,0.663396376,0.12,0.37630662
B2.4.6,0.004278075,0.2,0.589304813,0.043315508,0.043,0.013322018,1.58,196.2712199,0.2464,0.736438056,0.09,0.306284805
B2.4.7,0.021613833,0.257204611,0.300432277,0.025936599,0.036916667,0.007219995,6.59,182.022478,0.449066667,0.627312446,0.08,0
B2.4.8,0.02750275,0.270824257,0.012657325,0.091309131,0.04675,0.010202081,2.65,83.84499014,0.1984,0.435525263,0.28,0.517327474
B2.4.9,0.066239316,0.117917211,0.012087912,0.141025641,0.04775,0.017729174,9.9,238.3746874,0.5792,0.77128701,0.11,0.541612935
B2.4.10,0.061202955,0.254153773,0.127741438,0.029546254,0.044333333,0.011592191,12.54,315.3669206,0.632533333,0.314866072,0.14,0.582755203
B2.8.1,0.06332737,0.116310257,0.110873505,0.030445814,0.051658333,0.008578448,7.69,317.756986,0.485333333,0.598337592,0.05,0.194560254
B2.8.2,0.044477391,0.113343217,0.036693847,0.020014826,0.066666667,0.013376845,8.34,183.766982,0.290133333,0.605669113,0.05,0.279636473
B2.8.3,0.007636364,0.244727273,0.221818182,0.086181818,0.057833333,0.010252968,6.58,211.0545371,0.395733333,0.622020657,0.03,0.570406439
B2.8.4,0.021834061,0.142805626,0.780021637,0.056256762,0.061916667,0.015955821,8.28,199.4211609,0.417066667,0.570020345,0.07,0.318906606
B2.8.5,0.026785714,0.249285714,0.538928571,0.066428571,0.070166667,0.018027275,6.28,147.5862499,0.311466667,0.597707558,0.11,0.214
B2.8.6,0.038352273,0.079900568,0.184303977,0.047940341,0.042833333,0.007087413,10.1,262.7172059,0.544,0.647599267,0.07,0.279301746
B2.8.7,0.028163725,0.021404431,0.108148704,0.076605332,0.081083333,0.015360319,5.67,158.2514171,0.273066667,0.516129549,0.09,0.347015665
B2.8.8,0.023758099,0.270126212,0.241441167,0.085313175,0.04575,0.012707607,4.15,173.1631717,0.2112,0.567007536,0.07,0.22237665
B2.8.9,0.080825752,0.016310257,0.539286818,0.091322603,0.049333333,0.010467584,8.55,263.6995711,0.535466667,0.573711609,0.11,0.277777778
B2.16.1,0.036504425,0.1106195,0.111725664,0.095132743,0.059,0.017942648,4.08,75.78091149,0.446666667,0.618451351,0.08,0.125510509
B2.16.2,0.057431257,0.291333101,0.032370345,0.04698921,0.039083333,0.007297404,6.38,104.1268535,0.526933333,0.573134118,0.1,0.111354146
B2.16.3,0.015861826,0.237707817,0.005287275,0.046528023,0.041583333,0.01312029,7.18,146.1880022,0.3072,0.680890736,0.1,0.237382805
B2.16.4,0.012667136,0.0591133,0.603800141,0.06122449,0.043166667,0.007171091,5.08,91.33223189,0.465866667,0.56156019,0.09,0.264439805
B2.16.5,0.037176117,0.193766429,0.02253098,0.05632745,0.059833333,0.01303893,7.83,195.8577614,0.626133333,0.708102528,0.04,0.124789541
B4.1.1,0.025376977,0.092681133,0.141228393,0.013240162,0.061416667,0.016063841,4.69,143.5430664,0.235733333,0.404006214,0.11,0.770569462
B4.1.2,0.025054466,0.067538126,0.003267974,0.033769063,0.0565,0.01184215,6.33,130.4482761,0.146133333,0.476302267,0.21,0.222641885
B4.1.3,0.028484618,0.061526776,0.006836308,0.02164831,0.068583333,0.015729597,7.52,74.32261365,0.4992,0.343345334,0.42,0.307017544
B4.1.4,0.007655851,0.043747721,0.004374772,0.013747721,0.051166667,0.022252532,4.06,66.69498403,0.353066667,0.558821694,0.25,0.432917706
B4.1.5,0.082795699,0.125806452,0.251612903,0.027956989,0.049,0.011374354,6.2,118.2218573,0.2112,0.51008065,0.33,0.529511297
B4.1.6,0.056126192,0.157373441,0.136463683,0.045121056,0.072083333,0.026318941,6.19,161.3018859,0.509866667,0.747282375,0.13,0.668922954
B4.1.7,0.048026806,0.167535369,0.093819806,0.021221147,0.070666667,0.018972609,5.05,105.7298957,0.2752,0.417259612,0.17,0.446838221
B4.1.8,0.013076644,0.081620051,0.063203778,0.014166364,0.062333333,0.014573119,3.94,71.99118031,0.205866667,0.448978669,0.13,0.388811744
B4.1.9,0.025813692,0.107744108,0.079685746,0.063973064,0.06025,0.013353421,4.3,130.6587287,0.1984,0.474111522,0.25,0.679678985
B4.1.10,0.025882353,0.067058824,0.037647059,0.001176471,0.08775,0.024514347,2.72,54.30981562,0.1184,0.469054585,0.13,0.70861453
B4.1.11,0.006723945,0.139985642,0.226130653,0.02045944,0.071583333,0.01711138,5.22,77.47203516,0.1152,0.849776114,0.13,0.819363158
B4.1.12,0.041300191,0.09292543,0.836328872,0.035564054,0.085583333,0.024034745,5.24,97.75054001,0.078933333,0.388733384,0.26,0.375596184
B4.1.13,0.028724627,0.057449253,0.191880506,0.002642666,0.074166667,0.015105245,2.66,74.9628459,0.161066667,0.289078655,0.24,0.472832025
B4.1.14,0.028571429,0.232,0.099428571,0.021714286,0.07475,0.017064032,2.76,23.57134706,0.2464,0.342391821,0.09,0.877163824
B4.1.15,0.091718266,0.426350851,0.469040248,0.082430341,0.091416667,0.016194017,4.18,80.06729964,0.443733333,0.584939878,0.18,0.319920517
B4.1.16,0.081081081,0.03009674,1.733108108,0.181275643,0.0875,0.027427685,4,118.4134171,0.370133333,0.413603156,0.06,0.535
B4.2.1,0.025565024,0.088921823,0.057799185,0.012226751,0.069833333,0.014629232,2.82,59.12402608,0.3408,0.484701599,0.11,0.222575517
B4.2.2,0.030490018,0.15353902,0.554264973,0.064246824,0.072766667,0.016159263,1.87,69.17208994,0.289333333,0.618253059,0.13,0.152899126
B4.2.3,0.047063116,0.152134258,0.248449471,0.02079533,0.053833333,0.011873172,3.52,56.71615458,0.154666667,0.527612377,0.22,0.667461263
B4.2.4,0.088140451,0.190315315,0.32353995,0.039673952,0.054666667,0.012818293,2.84,112.8232335,0.418133333,0.576799378,0.38,0.361757106
B4.2.5,0.025775121,0.140082182,0.122151662,0.013447889,0.061166667,0.012327604,2.99,31.24208545,0.192,0.416030381,0.17,0.343
B4.2.6,0.116175463,0.061686086,0.433858807,0.017477724,0.054083333,0.008870596,3.13,28.66697883,0.2736,0.592193464,0.18,0.265019428
B4.2.7,0.03330866,0.26006192,0.197631384,0.014433753,0.070083333,0.017137393,5.42,76.76339108,0.065066667,0.594682858,0.13,0.347429025
B4.2.8,0.033882652,0.107898521,0.394314819,0.071438098,0.047333333,0.008279547,5.94,31.44240085,0.162133333,0.425609528,0.12,0.697558545
B4.2.9,0.052611556,0.127880658,0.394314819,0.046547607,0.073391667,0.028881131,6.62,130.8535963,0.184533333,0.464887691,0.13,0.194193996
B4.2.10,0.033882652,0.135515206,0.149517795,0.028182128,0.05,0.023686833,4.9,38.87131709,0.2336,0.538914144,0.2,0.097638737
B4.4.1,0.026885736,0.205003734,0.02240478,0.112322629,0.064083333,0.017897706,7.67,143.6679795,0.344533333,0.715761343,0.13,0.517379145
B4.4.2,0.032414307,0.178837556,0.04023845,0.122354694,0.081333333,0.027704144,4.62,148.3197551,0.3904,0.623593133,0.07,2.084957521
B4.4.3,0.060572687,0.13876652,0.030837004,0.105726872,0.05425,0.01404979,2.83,97.66546556,0.317866667,0.460293949,0.11,1.327875399
B4.4.4,0.050561798,0.23258427,0.076404494,0.057303371,0.07525,0.013417172,5.62,79.63004494,0.3424,0.571418129,0.14,0.889594917
B4.4.5,0.085841695,0.107023411,0.046822742,0.090301003,0.058,0.00939792,5.51,71.80398185,0.344533333,0.522710211,0.12,0.641306513
B4.4.6,0.037735849,0.104328524,0.048834628,0.033296337,0.062,0.009649968,5.28,76.79186767,0.130133333,0.659574366,0.12,0.722508932
B4.4.7,0.015245009,0.079491833,0.013067151,0.089836661,0.056916667,0.011596474,4.4,105.4929217,0.247466667,0.651505621,0.12,0.472972973
B4.4.8,0.084915443,0.092949703,0.042934117,0.057303371,0.0695,0.015075363,7.68,87.56936704,0.204533333,0.545059999,0.09,0.680420551
B4.4.9,0.050727438,0.211696898,0.048750915,0.02277191,0.055666667,0.009302199,5.17,138.5380175,0.216533333,0.705066589,0.19,0.460755959
B4.4.10,0.015245009,0.079491833,0.042934117,0.040874998,0.062,0.010162474,5.49,154.5081103,0.292266667,0.595807002,0.16,0.378
B4.8.1,0.016967126,0.227995758,0.064687169,0.086850477,0.06575,0.015488724,5.2,125.8672754,0.331733333,0.789828034,0.07,0.769846031
B4.8.2,0.057818182,0.090545455,0.013090909,0.032727273,0.071333333,0.016441743,6.96,179.2120872,0.224,0.739469659,0.09,1.271076524
B4.8.3,0.028230185,0.158523344,0.029315961,0.12171553,0.06175,0.014959163,7.68,117.6217463,0.1152,0.496871384,0.1,0.696448115
B4.8.4,0.037688442,0.119910347,0.049308928,0.087411281,0.101666667,0.021112608,4.78,97.4594714,0.385066667,0.590732713,0.09,0.811350919
B4.8.5,0.045720985,0.315357562,0.092614302,0.035169988,0.10025,0.02040661,2.31,92.60966199,0.359466667,0.593162132,0.16,0.769846031
B4.8.6,0.046997389,0.266318538,0.044759418,0.035807535,0.069333333,0.017852347,3.13,51.37680294,0.381866667,0.80630346,0.09,0.445682451
B4.8.7,0.0304679,0.140369967,0.041349293,0.055495103,0.04975,0.014147212,2.84,71.93759551,0.3072,0.727896147,0.12,0.222686152
B4.8.8,0.049796991,0.140369967,0.028485357,0.041011941,0.062,0.018218407,3.37,136.6614507,0.337066667,0.669558826,0.11,1.254480287
B4.8.9,0.016967126,0.293420443,0.041349293,0.038412887,0.065166667,0.021099766,4.46,122.9114238,0.3424,0.530342101,0.1,0.12567325
B4.16.1,0.073761468,0.11559633,0.014311927,0.05201835,0.069666667,0.018659263,1.36,61.54281531,0.307466667,0.771122181,0.1,0.416212467
B4.16.2,0.036370316,0.145481264,0.095885378,0.033063924,0.079166667,0.022109718,1.16,46.28426606,0.1696,0.733567055,0.17,0.279608548
B4.16.3,0.062151899,0.10021097,0.452531646,0.084261603,0.04275,0.014289326,3.03,80.11729172,0.1856,0.720206052,0.12,0.13953952
B4.16.4,0.09215859,0.194757709,0.241189427,0.091409692,0.0585,0.023591931,5.3,117.15,0.264266667,0.530315782,0.11,0.492924058
B4.16.5,0.048543689,0.24832794,0.334412082,0.101607335,0.0485,0.017767319,5.29,122.35,0.203733333,0.428093338,0.07,0.432270916
